display_name,stub,dropdown_parent
Home,/,
Browse,/browse.html,
Subjects,/subjects.html,
Locations,/locations.html,
Timeline,/timeline.html,
Data,/data.html,
Graffiti Background,,
Why Graffiti,/whygraffiti.html,Graffiti Background
Glossary,/glossary.html,Graffiti Background
Exhibit,/crew.html,Graffiti Background
About the Collection,,
General,/about-general.html,About the Collection
Related Content,/about-related.html,About the Collection
Technical Information,/technical.html,About the Collection 
